2016-08-13,1,Hull City FC,Leicester City FC,2-1
2016-08-13,1,Burnley FC,Swansea City FC,0-1
2016-08-13,1,Crystal Palace FC,West Bromwich Albion FC,0-1
2016-08-13,1,Everton FC,Tottenham Hotspur FC,1-1
2016-08-13,1,Middlesbrough FC,Stoke City FC,1-1
2016-08-13,1,Southampton FC,Watford FC,1-1
2016-08-13,1,Manchester City FC,Sunderland AFC,2-1
2016-08-14,1,AFC Bournemouth,Manchester United FC,1-3
2016-08-14,1,Arsenal FC,Liverpool FC,3-4
2016-08-15,1,Chelsea FC,West Ham United FC,2-1
2016-08-19,2,Manchester United FC,Southampton FC,2-0
2016-08-20,2,Stoke City FC,Manchester City FC,1-4
2016-08-20,2,Burnley FC,Liverpool FC,2-0
2016-08-20,2,West Bromwich Albion FC,Everton FC,1-2
2016-08-20,2,Swansea City FC,Hull City FC,0-2
2016-08-20,2,Tottenham Hotspur FC,Crystal Palace FC,1-0
2016-08-20,2,Watford FC,Chelsea FC,1-2
2016-08-20,2,Leicester City FC,Arsenal FC,0-0
2016-08-21,2,Sunderland AFC,Middlesbrough FC,1-2
2016-08-21,2,West Ham United FC,AFC Bournemouth,1-0
2016-08-27,3,Tottenham Hotspur FC,Liverpool FC,1-1
2016-08-27,3,Watford FC,Arsenal FC,1-3
2016-08-27,3,Chelsea FC,Burnley FC,3-0
2016-08-27,3,Southampton FC,Sunderland AFC,1-1
2016-08-27,3,Leicester City FC,Swansea City FC,2-1
2016-08-27,3,Everton FC,Stoke City FC,1-0
2016-08-27,3,Crystal Palace FC,AFC Bournemouth,1-1
2016-08-27,3,Hull City FC,Manchester United FC,0-1
2016-08-28,3,West Bromwich Albion FC,Middlesbrough FC,0-0
2016-08-28,3,Manchester City FC,West Ham United FC,3-1
2016-09-10,4,Manchester United FC,Manchester City FC,1-2
2016-09-10,4,Burnley FC,Hull City FC,1-1
2016-09-10,4,Middlesbrough FC,Crystal Palace FC,1-2
2016-09-10,4,Stoke City FC,Tottenham Hotspur FC,0-4
2016-09-10,4,AFC Bournemouth,West Bromwich Albion FC,1-0
2016-09-10,4,West Ham United FC,Watford FC,2-4
2016-09-10,4,Arsenal FC,Southampton FC,2-1
2016-09-10,4,Liverpool FC,Leicester City FC,4-1
2016-09-11,4,Swansea City FC,Chelsea FC,2-2
2016-09-12,4,Sunderland AFC,Everton FC,0-3
2016-09-16,5,Chelsea FC,Liverpool FC,1-2
2016-09-17,5,Hull City FC,Arsenal FC,1-4
2016-09-17,5,Leicester City FC,Burnley FC,3-0
2016-09-17,5,Manchester City FC,AFC Bournemouth,4-0
2016-09-17,5,West Bromwich Albion FC,West Ham United FC,4-2
2016-09-17,5,Everton FC,Middlesbrough FC,3-1
2016-09-18,5,Watford FC,Manchester United FC,3-1
2016-09-18,5,Southampton FC,Swansea City FC,1-0
2016-09-18,5,Crystal Palace FC,Stoke City FC,4-1
2016-09-18,5,Tottenham Hotspur FC,Sunderland AFC,1-0
2016-09-24,6,Manchester United FC,Leicester City FC,4-1
2016-09-24,6,AFC Bournemouth,Everton FC,1-0
2016-09-24,6,Liverpool FC,Hull City FC,5-1
2016-09-24,6,Middlesbrough FC,Tottenham Hotspur FC,1-2
2016-09-24,6,Stoke City FC,West Bromwich Albion FC,1-1
2016-09-24,6,Sunderland AFC,Crystal Palace FC,2-3
2016-09-24,6,Swansea City FC,Manchester City FC,1-3
2016-09-24,6,Arsenal FC,Chelsea FC,3-0
2016-09-25,6,West Ham United FC,Southampton FC,0-3
2016-09-26,6,Burnley FC,Watford FC,2-0
2016-09-30,7,Everton FC,Crystal Palace FC,1-1
2016-10-01,7,Swansea City FC,Liverpool FC,1-2
2016-10-01,7,Sunderland AFC,West Bromwich Albion FC,1-1
2016-10-01,7,Watford FC,AFC Bournemouth,2-2
2016-10-01,7,West Ham United FC,Middlesbrough FC,1-1
2016-10-01,7,Hull City FC,Chelsea FC,0-2
2016-10-02,7,Manchester United FC,Stoke City FC,1-1
2016-10-02,7,Leicester City FC,Southampton FC,0-0
2016-10-02,7,Tottenham Hotspur FC,Manchester City FC,2-0
2016-10-02,7,Burnley FC,Arsenal FC,0-1
2016-10-15,8,Chelsea FC,Leicester City FC,3-0
2016-10-15,8,West Bromwich Albion FC,Tottenham Hotspur FC,1-1
2016-10-15,8,Stoke City FC,Sunderland AFC,2-0
2016-10-15,8,AFC Bournemouth,Hull City FC,6-1
2016-10-15,8,Manchester City FC,Everton FC,1-1
2016-10-15,8,Arsenal FC,Swansea City FC,3-2
2016-10-15,8,Crystal Palace FC,West Ham United FC,0-1
2016-10-16,8,Middlesbrough FC,Watford FC,0-1
2016-10-16,8,Southampton FC,Burnley FC,3-1
2016-10-17,8,Liverpool FC,Manchester United FC,0-0
2016-10-22,9,AFC Bournemouth,Tottenham Hotspur FC,0-0
2016-10-22,9,Arsenal FC,Middlesbrough FC,0-0
2016-10-22,9,Burnley FC,Everton FC,2-1
2016-10-22,9,Hull City FC,Stoke City FC,0-2
2016-10-22,9,Leicester City FC,Crystal Palace FC,3-1
2016-10-22,9,Swansea City FC,Watford FC,0-0
2016-10-22,9,West Ham United FC,Sunderland AFC,1-0
2016-10-22,9,Liverpool FC,West Bromwich Albion FC,2-1
2016-10-23,9,Manchester City FC,Southampton FC,1-1
2016-10-23,9,Chelsea FC,Manchester United FC,4-0
2016-10-29,10,Sunderland AFC,Arsenal FC,1-4
2016-10-29,10,Manchester United FC,Burnley FC,0-0
2016-10-29,10,Middlesbrough FC,AFC Bournemouth,2-0
2016-10-29,10,Tottenham Hotspur FC,Leicester City FC,1-1
2016-10-29,10,Watford FC,Hull City FC,1-0
2016-10-29,10,West Bromwich Albion FC,Manchester City FC,0-4
2016-10-29,10,Crystal Palace FC,Liverpool FC,2-4
2016-10-30,10,Everton FC,West Ham United FC,2-0
2016-10-30,10,Southampton FC,Chelsea FC,0-2
2016-10-31,10,Stoke City FC,Swansea City FC,3-1
2016-11-05,11,Burnley FC,Crystal Palace FC,3-2
2016-11-05,11,Manchester City FC,Middlesbrough FC,1-1
2016-11-05,11,AFC Bournemouth,Sunderland AFC,1-2
2016-11-05,11,West Ham United FC,Stoke City FC,1-1
2016-11-05,11,Chelsea FC,Everton FC,5-0
2016-11-06,11,Arsenal FC,Tottenham Hotspur FC,1-1
2016-11-06,11,Hull City FC,Southampton FC,2-1
2016-11-06,11,Liverpool FC,Watford FC,6-1
2016-11-06,11,Swansea City FC,Manchester United FC,1-3
2016-11-06,11,Leicester City FC,West Bromwich Albion FC,1-2
2016-11-19,12,Manchester United FC,Arsenal FC,1-1
2016-11-19,12,Watford FC,Leicester City FC,2-1
2016-11-19,12,Crystal Palace FC,Manchester City FC,1-2
2016-11-19,12,Sunderland AFC,Hull City FC,3-0
2016-11-19,12,Stoke City FC,AFC Bournemouth,0-1
2016-11-19,12,Southampton FC,Liverpool FC,0-0
2016-11-19,12,Everton FC,Swansea City FC,1-1
2016-11-19,12,Tottenham Hotspur FC,West Ham United FC,3-2
2016-11-20,12,Middlesbrough FC,Chelsea FC,0-1
2016-11-21,12,West Bromwich Albion FC,Burnley FC,4-0
2016-11-26,13,Burnley FC,Manchester City FC,1-2
2016-11-26,13,Hull City FC,West Bromwich Albion FC,1-1
2016-11-26,13,Leicester City FC,Middlesbrough FC,2-2
2016-11-26,13,Liverpool FC,Sunderland AFC,2-0
2016-11-26,13,Swansea City FC,Crystal Palace FC,5-4
2016-11-26,13,Chelsea FC,Tottenham Hotspur FC,2-1
2016-11-27,13,Watford FC,Stoke City FC,0-1
2016-11-27,13,Arsenal FC,AFC Bournemouth,3-1
2016-11-27,13,Manchester United FC,West Ham United FC,1-1
2016-11-27,13,Southampton FC,Everton FC,1-0
2016-12-03,14,Manchester City FC,Chelsea FC,1-3
2016-12-03,14,Crystal Palace FC,Southampton FC,3-0
2016-12-03,14,Stoke City FC,Burnley FC,2-0
2016-12-03,14,Sunderland AFC,Leicester City FC,2-1
2016-12-03,14,Tottenham Hotspur FC,Swansea City FC,5-0
2016-12-03,14,West Bromwich Albion FC,Watford FC,3-1
2016-12-03,14,West Ham United FC,Arsenal FC,1-5
2016-12-04,14,AFC Bournemouth,Liverpool FC,4-3
2016-12-04,14,Everton FC,Manchester United FC,1-1
2016-12-05,14,Middlesbrough FC,Hull City FC,1-0
2016-12-10,15,Watford FC,Everton FC,3-2
2016-12-10,15,Arsenal FC,Stoke City FC,3-1
2016-12-10,15,Burnley FC,AFC Bournemouth,3-2
2016-12-10,15,Hull City FC,Crystal Palace FC,3-3
2016-12-10,15,Swansea City FC,Sunderland AFC,3-0
2016-12-10,15,Leicester City FC,Manchester City FC,4-2
2016-12-11,15,Chelsea FC,West Bromwich Albion FC,1-0
2016-12-11,15,Southampton FC,Middlesbrough FC,1-0
2016-12-11,15,Manchester United FC,Tottenham Hotspur FC,1-0
2016-12-11,15,Liverpool FC,West Ham United FC,2-2
2016-12-13,16,Everton FC,Arsenal FC,2-1
2016-12-13,16,AFC Bournemouth,Leicester City FC,1-0
2016-12-14,16,Middlesbrough FC,Liverpool FC,0-3
2016-12-14,16,Sunderland AFC,Chelsea FC,0-1
2016-12-14,16,West Ham United FC,Burnley FC,1-0
2016-12-14,16,West Bromwich Albion FC,Swansea City FC,3-1
2016-12-14,16,Crystal Palace FC,Manchester United FC,1-2
2016-12-14,16,Tottenham Hotspur FC,Hull City FC,3-0
2016-12-14,16,Stoke City FC,Southampton FC,0-0
2016-12-14,16,Manchester City FC,Watford FC,2-0
2016-12-17,17,Crystal Palace FC,Chelsea FC,0-1
2016-12-17,17,Sunderland AFC,Watford FC,1-0
2016-12-17,17,Stoke City FC,Leicester City FC,2-2
2016-12-17,17,Middlesbrough FC,Swansea City FC,3-0
2016-12-17,17,West Ham United FC,Hull City FC,1-0
2016-12-17,17,West Bromwich Albion FC,Manchester United FC,0-2
2016-12-18,17,AFC Bournemouth,Southampton FC,1-3
2016-12-18,17,Tottenham Hotspur FC,Burnley FC,2-1
2016-12-18,17,Manchester City FC,Arsenal FC,2-1
2016-12-19,17,Everton FC,Liverpool FC,0-1
2016-12-26,18,Watford FC,Crystal Palace FC,1-1
2016-12-26,18,Arsenal FC,West Bromwich Albion FC,1-0
2016-12-26,18,Burnley FC,Middlesbrough FC,1-0
2016-12-26,18,Chelsea FC,AFC Bournemouth,3-0
2016-12-26,18,Leicester City FC,Everton FC,0-2
2016-12-26,18,Manchester United FC,Sunderland AFC,3-1
2016-12-26,18,Swansea City FC,West Ham United FC,1-4
2016-12-26,18,Hull City FC,Manchester City FC,0-3
2016-12-27,18,Liverpool FC,Stoke City FC,4-1
2016-12-28,18,Southampton FC,Tottenham Hotspur FC,1-4
2016-12-30,19,Hull City FC,Everton FC,2-2
2016-12-31,19,Burnley FC,Sunderland AFC,4-1
2016-12-31,19,Chelsea FC,Stoke City FC,4-2
2016-12-31,19,Leicester City FC,West Ham United FC,1-0
2016-12-31,19,Manchester United FC,Middlesbrough FC,2-1
2016-12-31,19,Southampton FC,West Bromwich Albion FC,1-2
2016-12-31,19,Swansea City FC,AFC Bournemouth,0-3
2016-12-31,19,Liverpool FC,Manchester City FC,1-0
2017-01-01,19,Watford FC,Tottenham Hotspur FC,1-4
2017-01-01,19,Arsenal FC,Crystal Palace FC,2-0
2017-01-02,20,Middlesbrough FC,Leicester City FC,0-0
2017-01-02,20,Everton FC,Southampton FC,3-0
2017-01-02,20,Manchester City FC,Burnley FC,2-1
2017-01-02,20,Sunderland AFC,Liverpool FC,2-2
2017-01-02,20,West Bromwich Albion FC,Hull City FC,3-1
2017-01-02,20,West Ham United FC,Manchester United FC,0-2
2017-01-03,20,AFC Bournemouth,Arsenal FC,3-3
2017-01-03,20,Stoke City FC,Watford FC,2-0
2017-01-03,20,Crystal Palace FC,Swansea City FC,1-2
2017-01-04,20,Tottenham Hotspur FC,Chelsea FC,2-0
2017-01-14,21,Tottenham Hotspur FC,West Bromwich Albion FC,4-0
2017-01-14,21,Burnley FC,Southampton FC,1-0
2017-01-14,21,Hull City FC,AFC Bournemouth,3-1
2017-01-14,21,Sunderland AFC,Stoke City FC,1-3
2017-01-14,21,Swansea City FC,Arsenal FC,0-4
2017-01-14,21,Watford FC,Middlesbrough FC,0-0
2017-01-14,21,West Ham United FC,Crystal Palace FC,3-0
2017-01-14,21,Leicester City FC,Chelsea FC,0-3
2017-01-15,21,Everton FC,Manchester City FC,4-0
2017-01-15,21,Manchester United FC,Liverpool FC,1-1
2017-01-21,22,Liverpool FC,Swansea City FC,2-3
2017-01-21,22,Middlesbrough FC,West Ham United FC,1-3
2017-01-21,22,AFC Bournemouth,Watford FC,2-2
2017-01-21,22,Stoke City FC,Manchester United FC,1-1
2017-01-21,22,West Bromwich Albion FC,Sunderland AFC,2-0
2017-01-21,22,Crystal Palace FC,Everton FC,0-1
2017-01-21,22,Manchester City FC,Tottenham Hotspur FC,2-2
2017-01-22,22,Southampton FC,Leicester City FC,3-0
2017-01-22,22,Arsenal FC,Burnley FC,2-1
2017-01-22,22,Chelsea FC,Hull City FC,2-0
2017-01-31,23,AFC Bournemouth,Crystal Palace FC,0-2
2017-01-31,23,Arsenal FC,Watford FC,1-2
2017-01-31,23,Burnley FC,Leicester City FC,1-0
2017-01-31,23,Middlesbrough FC,West Bromwich Albion FC,1-1
2017-01-31,23,Sunderland AFC,Tottenham Hotspur FC,0-0
2017-01-31,23,Swansea City FC,Southampton FC,2-1
2017-01-31,23,Liverpool FC,Chelsea FC,1-1
2017-02-01,23,West Ham United FC,Manchester City FC,0-4
2017-02-01,23,Manchester United FC,Hull City FC,0-0
2017-02-01,23,Stoke City FC,Everton FC,1-1
2017-02-04,24,Chelsea FC,Arsenal FC,3-1
2017-02-04,24,Crystal Palace FC,Sunderland AFC,0-4
2017-02-04,24,Hull City FC,Liverpool FC,2-0
2017-02-04,24,Everton FC,AFC Bournemouth,6-3
2017-02-04,24,Southampton FC,West Ham United FC,1-3
2017-02-04,24,Watford FC,Burnley FC,2-1
2017-02-04,24,West Bromwich Albion FC,Stoke City FC,1-0
2017-02-04,24,Tottenham Hotspur FC,Middlesbrough FC,1-0
2017-02-05,24,Manchester City FC,Swansea City FC,2-1
2017-02-05,24,Leicester City FC,Manchester United FC,0-3
2017-02-11,25,Arsenal FC,Hull City FC,2-0
2017-02-11,25,Manchester United FC,Watford FC,2-0
2017-02-11,25,Middlesbrough FC,Everton FC,0-0
2017-02-11,25,Stoke City FC,Crystal Palace FC,1-0
2017-02-11,25,Sunderland AFC,Southampton FC,0-4
2017-02-11,25,West Ham United FC,West Bromwich Albion FC,2-2
2017-02-11,25,Liverpool FC,Tottenham Hotspur FC,2-0
2017-02-12,25,Burnley FC,Chelsea FC,1-1
2017-02-12,25,Swansea City FC,Leicester City FC,2-0
2017-02-13,25,AFC Bournemouth,Manchester City FC,0-2
2017-02-25,26,Everton FC,Sunderland AFC,2-0
2017-02-25,26,Chelsea FC,Swansea City FC,3-1
2017-02-25,26,Crystal Palace FC,Middlesbrough FC,1-0
2017-02-25,26,West Bromwich Albion FC,AFC Bournemouth,2-1
2017-02-25,26,Hull City FC,Burnley FC,1-1
2017-02-25,26,Watford FC,West Ham United FC,1-1
2017-02-26,26,Tottenham Hotspur FC,Stoke City FC,4-0
2017-02-27,26,Leicester City FC,Liverpool FC,3-1
2017-03-04,27,Manchester United FC,AFC Bournemouth,1-1
2017-03-04,27,Leicester City FC,Hull City FC,3-1
2017-03-04,27,West Bromwich Albion FC,Crystal Palace FC,0-2
2017-03-04,27,Watford FC,Southampton FC,3-4
2017-03-04,27,Swansea City FC,Burnley FC,3-2
2017-03-04,27,Stoke City FC,Middlesbrough FC,2-0
2017-03-04,27,Liverpool FC,Arsenal FC,3-1
2017-03-05,27,Tottenham Hotspur FC,Everton FC,3-2
2017-03-05,27,Sunderland AFC,Manchester City FC,0-2
2017-03-06,27,West Ham United FC,Chelsea FC,1-2
2017-03-08,28,Manchester City FC,Stoke City FC,0-0
2017-03-11,28,AFC Bournemouth,West Ham United FC,3-2
2017-03-11,28,Everton FC,West Bromwich Albion FC,3-0
2017-03-11,28,Hull City FC,Swansea City FC,2-1
2017-03-12,28,Liverpool FC,Burnley FC,2-1
2017-03-18,29,West Bromwich Albion FC,Arsenal FC,3-1
2017-03-18,29,Sunderland AFC,Burnley FC,0-0
2017-03-18,29,West Ham United FC,Leicester City FC,2-3
2017-03-18,29,Stoke City FC,Chelsea FC,1-2
2017-03-18,29,Everton FC,Hull City FC,4-0
2017-03-18,29,Crystal Palace FC,Watford FC,1-0
2017-03-18,29,AFC Bournemouth,Swansea City FC,2-0
2017-03-19,29,Middlesbrough FC,Manchester United FC,1-3
2017-03-19,29,Tottenham Hotspur FC,Southampton FC,2-1
2017-03-19,29,Manchester City FC,Liverpool FC,1-1
2017-04-01,30,Liverpool FC,Everton FC,3-1
2017-04-01,30,Burnley FC,Tottenham Hotspur FC,0-2
2017-04-01,30,Chelsea FC,Crystal Palace FC,1-2
2017-04-01,30,Leicester City FC,Stoke City FC,2-0
2017-04-01,30,Manchester United FC,West Bromwich Albion FC,0-0
2017-04-01,30,Hull City FC,West Ham United FC,2-1
2017-04-01,30,Watford FC,Sunderland AFC,1-0
2017-04-01,30,Southampton FC,AFC Bournemouth,0-0
2017-04-02,30,Swansea City FC,Middlesbrough FC,0-0
2017-04-02,30,Arsenal FC,Manchester City FC,2-2
2017-04-04,31,Burnley FC,Stoke City FC,1-0
2017-04-04,31,Leicester City FC,Sunderland AFC,2-0
2017-04-04,31,Watford FC,West Bromwich Albion FC,2-0
2017-04-04,31,Manchester United FC,Everton FC,1-1
2017-04-05,31,Hull City FC,Middlesbrough FC,4-2
2017-04-05,31,Arsenal FC,West Ham United FC,3-0
2017-04-05,31,Southampton FC,Crystal Palace FC,3-1
2017-04-05,31,Swansea City FC,Tottenham Hotspur FC,1-3
2017-04-05,31,Chelsea FC,Manchester City FC,2-1
2017-04-05,31,Liverpool FC,AFC Bournemouth,2-2
2017-04-08,32,Tottenham Hotspur FC,Watford FC,4-0
2017-04-08,32,Manchester City FC,Hull City FC,3-1
2017-04-08,32,Middlesbrough FC,Burnley FC,0-0
2017-04-08,32,Stoke City FC,Liverpool FC,1-2
2017-04-08,32,West Bromwich Albion FC,Southampton FC,0-1
2017-04-08,32,West Ham United FC,Swansea City FC,1-0
2017-04-08,32,AFC Bournemouth,Chelsea FC,1-3
2017-04-09,32,Sunderland AFC,Manchester United FC,0-3
2017-04-09,32,Everton FC,Leicester City FC,4-2
2017-04-10,32,Crystal Palace FC,Arsenal FC,3-0
2017-04-15,33,Tottenham Hotspur FC,AFC Bournemouth,4-0
2017-04-15,33,Crystal Palace FC,Leicester City FC,2-2
2017-04-15,33,Sunderland AFC,West Ham United FC,2-2
2017-04-15,33,Stoke City FC,Hull City FC,3-1
2017-04-15,33,Everton FC,Burnley FC,3-1
2017-04-15,33,Watford FC,Swansea City FC,1-0
2017-04-15,33,Southampton FC,Manchester City FC,0-3
2017-04-16,33,West Bromwich Albion FC,Liverpool FC,0-1
2017-04-16,33,Manchester United FC,Chelsea FC,2-0
2017-04-17,33,Middlesbrough FC,Arsenal FC,1-2
2017-04-22,34,Swansea City FC,Stoke City FC,2-0
2017-04-22,34,Hull City FC,Watford FC,2-0
2017-04-22,34,AFC Bournemouth,Middlesbrough FC,4-0
2017-04-22,34,West Ham United FC,Everton FC,0-0
2017-04-23,34,Burnley FC,Manchester United FC,0-2
2017-04-23,34,Liverpool FC,Crystal Palace FC,1-2
2017-04-25,34,Chelsea FC,Southampton FC,4-2
2017-04-26,28,Middlesbrough FC,Sunderland AFC,1-0
2017-04-26,28,Arsenal FC,Leicester City FC,1-0
2017-04-26,28,Crystal Palace FC,Tottenham Hotspur FC,0-1
2017-04-27,26,Manchester City FC,Manchester United FC,0-0
2017-04-29,35,Southampton FC,Hull City FC,0-0
2017-04-29,35,Stoke City FC,West Ham United FC,0-0
2017-04-29,35,Sunderland AFC,AFC Bournemouth,0-1
2017-04-29,35,West Bromwich Albion FC,Leicester City FC,0-1
2017-04-29,35,Crystal Palace FC,Burnley FC,0-2
2017-04-30,35,Manchester United FC,Swansea City FC,1-1
2017-04-30,35,Everton FC,Chelsea FC,0-3
2017-04-30,35,Middlesbrough FC,Manchester City FC,2-2
2017-04-30,35,Tottenham Hotspur FC,Arsenal FC,2-0
2017-05-01,35,Watford FC,Liverpool FC,0-1
2017-05-05,36,West Ham United FC,Tottenham Hotspur FC,1-0
2017-05-06,36,Manchester City FC,Crystal Palace FC,5-0
2017-05-06,36,Burnley FC,West Bromwich Albion FC,2-2
2017-05-06,36,Hull City FC,Sunderland AFC,0-2
2017-05-06,36,Leicester City FC,Watford FC,3-0
2017-05-06,36,AFC Bournemouth,Stoke City FC,2-2
2017-05-06,36,Swansea City FC,Everton FC,1-0
2017-05-07,36,Liverpool FC,Southampton FC,0-0
2017-05-07,36,Arsenal FC,Manchester United FC,2-0
2017-05-08,36,Chelsea FC,Middlesbrough FC,3-0
2017-05-10,26,Southampton FC,Arsenal FC,0-2
2017-05-12,37,Everton FC,Watford FC,1-0
2017-05-12,37,West Bromwich Albion FC,Chelsea FC,0-1
2017-05-13,37,Manchester City FC,Leicester City FC,2-1
2017-05-13,37,Middlesbrough FC,Southampton FC,1-2
2017-05-13,37,AFC Bournemouth,Burnley FC,2-1
2017-05-13,37,Sunderland AFC,Swansea City FC,0-2
2017-05-13,37,Stoke City FC,Arsenal FC,1-4
2017-05-14,37,Crystal Palace FC,Hull City FC,4-0
2017-05-14,37,West Ham United FC,Liverpool FC,0-4
2017-05-14,37,Tottenham Hotspur FC,Manchester United FC,2-1
2017-05-15,28,Chelsea FC,Watford FC,4-3
2017-05-16,34,Arsenal FC,Sunderland AFC,2-0
2017-05-16,34,Manchester City FC,West Bromwich Albion FC,3-1
2017-05-17,28,Southampton FC,Manchester United FC,0-0
2017-05-18,34,Leicester City FC,Tottenham Hotspur FC,1-6
2017-05-21,38,Burnley FC,West Ham United FC,1-2
2017-05-21,38,Chelsea FC,Sunderland AFC,5-1
2017-05-21,38,Hull City FC,Tottenham Hotspur FC,1-7
2017-05-21,38,Leicester City FC,AFC Bournemouth,1-1
2017-05-21,38,Liverpool FC,Middlesbrough FC,3-0
2017-05-21,38,Southampton FC,Stoke City FC,0-1
2017-05-21,38,Swansea City FC,West Bromwich Albion FC,2-1
2017-05-21,38,Watford FC,Manchester City FC,0-5
2017-05-21,38,Arsenal FC,Everton FC,3-1
2017-05-21,38,Manchester United FC,Crystal Palace FC,2-0
